file,seed,decision,reason,reviewer
dragon_0001.png,1000,reject_for_final_gallery,Textura sin figura de dragón reconocible en revisión de hojas de contacto; no permite evaluar cuerpo completo.,Codex-assisted visual review; team confirmation pending
dragon_0002.png,1001,reject_for_final_gallery,Textura sin figura de dragón reconocible en revisión de hojas de contacto; no permite evaluar cuerpo completo.,Codex-assisted visual review; team confirmation pending
dragon_0003.png,1002,reject_for_final_gallery,Textura sin figura de dragón reconocible en revisión de hojas de contacto; no permite evaluar cuerpo completo.,Codex-assisted visual review; team confirmation pending
dragon_0004.png,1003,reject_for_final_gallery,Textura sin figura de dragón reconocible en revisión de hojas de contacto; no permite evaluar cuerpo completo.,Codex-assisted visual review; team confirmation pending
dragon_0005.png,1004,reject_for_final_gallery,Textura sin figura de dragón reconocible en revisión de hojas de contacto; no permite evaluar cuerpo completo.,Codex-assisted visual review; team confirmation pending
dragon_0006.png,1005,reject_for_final_gallery,Textura sin figura de dragón reconocible en revisión de hojas de contacto; no permite evaluar cuerpo completo.,Codex-assisted visual review; team confirmation pending
dragon_0007.png,1006,reject_for_final_gallery,Textura sin figura de dragón reconocible en revisión de hojas de contacto; no permite evaluar cuerpo completo.,Codex-assisted visual review; team confirmation pending
dragon_0008.png,1007,reject_for_final_gallery,Textura sin figura de dragón reconocible en revisión de hojas de contacto; no permite evaluar cuerpo completo.,Codex-assisted visual review; team confirmation pending
dragon_0009.png,1008,reject_for_final_gallery,Textura sin figura de dragón reconocible en revisión de hojas de contacto; no permite evaluar cuerpo completo.,Codex-assisted visual review; team confirmation pending
dragon_0010.png,1009,reject_for_final_gallery,Textura sin figura de dragón reconocible en revisión de hojas de contacto; no permite evaluar cuerpo completo.,Codex-assisted visual review; team confirmation pending
dragon_0011.png,1010,reject_for_final_gallery,Textura sin figura de dragón reconocible en revisión de hojas de contacto; no permite evaluar cuerpo completo.,Codex-assisted visual review; team confirmation pending
dragon_0012.png,1011,reject_for_final_gallery,Textura sin figura de dragón reconocible en revisión de hojas de contacto; no permite evaluar cuerpo completo.,Codex-assisted visual review; team confirmation pending
dragon_0013.png,1012,reject_for_final_gallery,Textura sin figura de dragón reconocible en revisión de hojas de contacto; no permite evaluar cuerpo completo.,Codex-assisted visual review; team confirmation pending
dragon_0014.png,1013,reject_for_final_gallery,Textura sin figura de dragón reconocible en revisión de hojas de contacto; no permite evaluar cuerpo completo.,Codex-assisted visual review; team confirmation pending
dragon_0015.png,1014,reject_for_final_gallery,Textura sin figura de dragón reconocible en revisión de hojas de contacto; no permite evaluar cuerpo completo.,Codex-assisted visual review; team confirmation pending
dragon_0016.png,1015,reject_for_final_gallery,Textura sin figura de dragón reconocible en revisión de hojas de contacto; no permite evaluar cuerpo completo.,Codex-assisted visual review; team confirmation pending
dragon_0017.png,1016,reject_for_final_gallery,Textura sin figura de dragón reconocible en revisión de hojas de contacto; no permite evaluar cuerpo completo.,Codex-assisted visual review; team confirmation pending
dragon_0018.png,1017,reject_for_final_gallery,Textura sin figura de dragón reconocible en revisión de hojas de contacto; no permite evaluar cuerpo completo.,Codex-assisted visual review; team confirmation pending
dragon_0019.png,1018,reject_for_final_gallery,Textura sin figura de dragón reconocible en revisión de hojas de contacto; no permite evaluar cuerpo completo.,Codex-assisted visual review; team confirmation pending
dragon_0020.png,1019,reject_for_final_gallery,Textura sin figura de dragón reconocible en revisión de hojas de contacto; no permite evaluar cuerpo completo.,Codex-assisted visual review; team confirmation pending
dragon_0021.png,1020,reject_for_final_gallery,Textura sin figura de dragón reconocible en revisión de hojas de contacto; no permite evaluar cuerpo completo.,Codex-assisted visual review; team confirmation pending
dragon_0022.png,1021,reject_for_final_gallery,Textura sin figura de dragón reconocible en revisión de hojas de contacto; no permite evaluar cuerpo completo.,Codex-assisted visual review; team confirmation pending
dragon_0023.png,1022,reject_for_final_gallery,Textura sin figura de dragón reconocible en revisión de hojas de contacto; no permite evaluar cuerpo completo.,Codex-assisted visual review; team confirmation pending
dragon_0024.png,1023,reject_for_final_gallery,Textura sin figura de dragón reconocible en revisión de hojas de contacto; no permite evaluar cuerpo completo.,Codex-assisted visual review; team confirmation pending
dragon_0025.png,1024,reject_for_final_gallery,Textura sin figura de dragón reconocible en revisión de hojas de contacto; no permite evaluar cuerpo completo.,Codex-assisted visual review; team confirmation pending
dragon_0026.png,1025,reject_for_final_gallery,Textura sin figura de dragón reconocible en revisión de hojas de contacto; no permite evaluar cuerpo completo.,Codex-assisted visual review; team confirmation pending
dragon_0027.png,1026,reject_for_final_gallery,Textura sin figura de dragón reconocible en revisión de hojas de contacto; no permite evaluar cuerpo completo.,Codex-assisted visual review; team confirmation pending
dragon_0028.png,1027,reject_for_final_gallery,Textura sin figura de dragón reconocible en revisión de hojas de contacto; no permite evaluar cuerpo completo.,Codex-assisted visual review; team confirmation pending
dragon_0029.png,1028,reject_for_final_gallery,Textura sin figura de dragón reconocible en revisión de hojas de contacto; no permite evaluar cuerpo completo.,Codex-assisted visual review; team confirmation pending
dragon_0030.png,1029,reject_for_final_gallery,Textura sin figura de dragón reconocible en revisión de hojas de contacto; no permite evaluar cuerpo completo.,Codex-assisted visual review; team confirmation pending
dragon_0031.png,1030,reject_for_final_gallery,Textura sin figura de dragón reconocible en revisión de hojas de contacto; no permite evaluar cuerpo completo.,Codex-assisted visual review; team confirmation pending
dragon_0032.png,1031,reject_for_final_gallery,Textura sin figura de dragón reconocible en revisión de hojas de contacto; no permite evaluar cuerpo completo.,Codex-assisted visual review; team confirmation pending
dragon_0033.png,1032,reject_for_final_gallery,Textura sin figura de dragón reconocible en revisión de hojas de contacto; no permite evaluar cuerpo completo.,Codex-assisted visual review; team confirmation pending
dragon_0034.png,1033,reject_for_final_gallery,Textura sin figura de dragón reconocible en revisión de hojas de contacto; no permite evaluar cuerpo completo.,Codex-assisted visual review; team confirmation pending
dragon_0035.png,1034,reject_for_final_gallery,Textura sin figura de dragón reconocible en revisión de hojas de contacto; no permite evaluar cuerpo completo.,Codex-assisted visual review; team confirmation pending
dragon_0036.png,1035,reject_for_final_gallery,Textura sin figura de dragón reconocible en revisión de hojas de contacto; no permite evaluar cuerpo completo.,Codex-assisted visual review; team confirmation pending
dragon_0037.png,1036,reject_for_final_gallery,Textura sin figura de dragón reconocible en revisión de hojas de contacto; no permite evaluar cuerpo completo.,Codex-assisted visual review; team confirmation pending
dragon_0038.png,1037,reject_for_final_gallery,Textura sin figura de dragón reconocible en revisión de hojas de contacto; no permite evaluar cuerpo completo.,Codex-assisted visual review; team confirmation pending
dragon_0039.png,1038,reject_for_final_gallery,Textura sin figura de dragón reconocible en revisión de hojas de contacto; no permite evaluar cuerpo completo.,Codex-assisted visual review; team confirmation pending
dragon_0040.png,1039,reject_for_final_gallery,Textura sin figura de dragón reconocible en revisión de hojas de contacto; no permite evaluar cuerpo completo.,Codex-assisted visual review; team confirmation pending
dragon_0041.png,1040,reject_for_final_gallery,Textura sin figura de dragón reconocible en revisión de hojas de contacto; no permite evaluar cuerpo completo.,Codex-assisted visual review; team confirmation pending
dragon_0042.png,1041,reject_for_final_gallery,Textura sin figura de dragón reconocible en revisión de hojas de contacto; no permite evaluar cuerpo completo.,Codex-assisted visual review; team confirmation pending
dragon_0043.png,1042,reject_for_final_gallery,Textura sin figura de dragón reconocible en revisión de hojas de contacto; no permite evaluar cuerpo completo.,Codex-assisted visual review; team confirmation pending
dragon_0044.png,1043,reject_for_final_gallery,Textura sin figura de dragón reconocible en revisión de hojas de contacto; no permite evaluar cuerpo completo.,Codex-assisted visual review; team confirmation pending
dragon_0045.png,1044,reject_for_final_gallery,Textura sin figura de dragón reconocible en revisión de hojas de contacto; no permite evaluar cuerpo completo.,Codex-assisted visual review; team confirmation pending
dragon_0046.png,1045,reject_for_final_gallery,Textura sin figura de dragón reconocible en revisión de hojas de contacto; no permite evaluar cuerpo completo.,Codex-assisted visual review; team confirmation pending
dragon_0047.png,1046,reject_for_final_gallery,Textura sin figura de dragón reconocible en revisión de hojas de contacto; no permite evaluar cuerpo completo.,Codex-assisted visual review; team confirmation pending
dragon_0048.png,1047,reject_for_final_gallery,Textura sin figura de dragón reconocible en revisión de hojas de contacto; no permite evaluar cuerpo completo.,Codex-assisted visual review; team confirmation pending
dragon_0049.png,1048,reject_for_final_gallery,Textura sin figura de dragón reconocible en revisión de hojas de contacto; no permite evaluar cuerpo completo.,Codex-assisted visual review; team confirmation pending
dragon_0050.png,1049,reject_for_final_gallery,Textura sin figura de dragón reconocible en revisión de hojas de contacto; no permite evaluar cuerpo completo.,Codex-assisted visual review; team confirmation pending
dragon_0051.png,1050,reject_for_final_gallery,Textura sin figura de dragón reconocible en revisión de hojas de contacto; no permite evaluar cuerpo completo.,Codex-assisted visual review; team confirmation pending
dragon_0052.png,1051,reject_for_final_gallery,Textura sin figura de dragón reconocible en revisión de hojas de contacto; no permite evaluar cuerpo completo.,Codex-assisted visual review; team confirmation pending
dragon_0053.png,1052,reject_for_final_gallery,Textura sin figura de dragón reconocible en revisión de hojas de contacto; no permite evaluar cuerpo completo.,Codex-assisted visual review; team confirmation pending
dragon_0054.png,1053,reject_for_final_gallery,Textura sin figura de dragón reconocible en revisión de hojas de contacto; no permite evaluar cuerpo completo.,Codex-assisted visual review; team confirmation pending
dragon_0055.png,1054,reject_for_final_gallery,Textura sin figura de dragón reconocible en revisión de hojas de contacto; no permite evaluar cuerpo completo.,Codex-assisted visual review; team confirmation pending
dragon_0056.png,1055,reject_for_final_gallery,Textura sin figura de dragón reconocible en revisión de hojas de contacto; no permite evaluar cuerpo completo.,Codex-assisted visual review; team confirmation pending
dragon_0057.png,1056,reject_for_final_gallery,Textura sin figura de dragón reconocible en revisión de hojas de contacto; no permite evaluar cuerpo completo.,Codex-assisted visual review; team confirmation pending
dragon_0058.png,1057,reject_for_final_gallery,Textura sin figura de dragón reconocible en revisión de hojas de contacto; no permite evaluar cuerpo completo.,Codex-assisted visual review; team confirmation pending
dragon_0059.png,1058,reject_for_final_gallery,Textura sin figura de dragón reconocible en revisión de hojas de contacto; no permite evaluar cuerpo completo.,Codex-assisted visual review; team confirmation pending
dragon_0060.png,1059,reject_for_final_gallery,Textura sin figura de dragón reconocible en revisión de hojas de contacto; no permite evaluar cuerpo completo.,Codex-assisted visual review; team confirmation pending
dragon_0061.png,1060,reject_for_final_gallery,Textura sin figura de dragón reconocible en revisión de hojas de contacto; no permite evaluar cuerpo completo.,Codex-assisted visual review; team confirmation pending
dragon_0062.png,1061,reject_for_final_gallery,Textura sin figura de dragón reconocible en revisión de hojas de contacto; no permite evaluar cuerpo completo.,Codex-assisted visual review; team confirmation pending
dragon_0063.png,1062,reject_for_final_gallery,Textura sin figura de dragón reconocible en revisión de hojas de contacto; no permite evaluar cuerpo completo.,Codex-assisted visual review; team confirmation pending
dragon_0064.png,1063,reject_for_final_gallery,Textura sin figura de dragón reconocible en revisión de hojas de contacto; no permite evaluar cuerpo completo.,Codex-assisted visual review; team confirmation pending
dragon_0065.png,1064,reject_for_final_gallery,Textura sin figura de dragón reconocible en revisión de hojas de contacto; no permite evaluar cuerpo completo.,Codex-assisted visual review; team confirmation pending
dragon_0066.png,1065,reject_for_final_gallery,Textura sin figura de dragón reconocible en revisión de hojas de contacto; no permite evaluar cuerpo completo.,Codex-assisted visual review; team confirmation pending
dragon_0067.png,1066,reject_for_final_gallery,Textura sin figura de dragón reconocible en revisión de hojas de contacto; no permite evaluar cuerpo completo.,Codex-assisted visual review; team confirmation pending
dragon_0068.png,1067,reject_for_final_gallery,Textura sin figura de dragón reconocible en revisión de hojas de contacto; no permite evaluar cuerpo completo.,Codex-assisted visual review; team confirmation pending
dragon_0069.png,1068,reject_for_final_gallery,Textura sin figura de dragón reconocible en revisión de hojas de contacto; no permite evaluar cuerpo completo.,Codex-assisted visual review; team confirmation pending
dragon_0070.png,1069,reject_for_final_gallery,Textura sin figura de dragón reconocible en revisión de hojas de contacto; no permite evaluar cuerpo completo.,Codex-assisted visual review; team confirmation pending
dragon_0071.png,1070,reject_for_final_gallery,Textura sin figura de dragón reconocible en revisión de hojas de contacto; no permite evaluar cuerpo completo.,Codex-assisted visual review; team confirmation pending
dragon_0072.png,1071,reject_for_final_gallery,Textura sin figura de dragón reconocible en revisión de hojas de contacto; no permite evaluar cuerpo completo.,Codex-assisted visual review; team confirmation pending
dragon_0073.png,1072,reject_for_final_gallery,Textura sin figura de dragón reconocible en revisión de hojas de contacto; no permite evaluar cuerpo completo.,Codex-assisted visual review; team confirmation pending
dragon_0074.png,1073,reject_for_final_gallery,Textura sin figura de dragón reconocible en revisión de hojas de contacto; no permite evaluar cuerpo completo.,Codex-assisted visual review; team confirmation pending
dragon_0075.png,1074,reject_for_final_gallery,Textura sin figura de dragón reconocible en revisión de hojas de contacto; no permite evaluar cuerpo completo.,Codex-assisted visual review; team confirmation pending
dragon_0076.png,1075,reject_for_final_gallery,Textura sin figura de dragón reconocible en revisión de hojas de contacto; no permite evaluar cuerpo completo.,Codex-assisted visual review; team confirmation pending
dragon_0077.png,1076,reject_for_final_gallery,Textura sin figura de dragón reconocible en revisión de hojas de contacto; no permite evaluar cuerpo completo.,Codex-assisted visual review; team confirmation pending
dragon_0078.png,1077,reject_for_final_gallery,Textura sin figura de dragón reconocible en revisión de hojas de contacto; no permite evaluar cuerpo completo.,Codex-assisted visual review; team confirmation pending
dragon_0079.png,1078,reject_for_final_gallery,Textura sin figura de dragón reconocible en revisión de hojas de contacto; no permite evaluar cuerpo completo.,Codex-assisted visual review; team confirmation pending
dragon_0080.png,1079,reject_for_final_gallery,Textura sin figura de dragón reconocible en revisión de hojas de contacto; no permite evaluar cuerpo completo.,Codex-assisted visual review; team confirmation pending
dragon_0081.png,1080,reject_for_final_gallery,Textura sin figura de dragón reconocible en revisión de hojas de contacto; no permite evaluar cuerpo completo.,Codex-assisted visual review; team confirmation pending
dragon_0082.png,1081,reject_for_final_gallery,Textura sin figura de dragón reconocible en revisión de hojas de contacto; no permite evaluar cuerpo completo.,Codex-assisted visual review; team confirmation pending
dragon_0083.png,1082,reject_for_final_gallery,Textura sin figura de dragón reconocible en revisión de hojas de contacto; no permite evaluar cuerpo completo.,Codex-assisted visual review; team confirmation pending
dragon_0084.png,1083,reject_for_final_gallery,Textura sin figura de dragón reconocible en revisión de hojas de contacto; no permite evaluar cuerpo completo.,Codex-assisted visual review; team confirmation pending
dragon_0085.png,1084,reject_for_final_gallery,Textura sin figura de dragón reconocible en revisión de hojas de contacto; no permite evaluar cuerpo completo.,Codex-assisted visual review; team confirmation pending
dragon_0086.png,1085,reject_for_final_gallery,Textura sin figura de dragón reconocible en revisión de hojas de contacto; no permite evaluar cuerpo completo.,Codex-assisted visual review; team confirmation pending
dragon_0087.png,1086,reject_for_final_gallery,Textura sin figura de dragón reconocible en revisión de hojas de contacto; no permite evaluar cuerpo completo.,Codex-assisted visual review; team confirmation pending
dragon_0088.png,1087,reject_for_final_gallery,Textura sin figura de dragón reconocible en revisión de hojas de contacto; no permite evaluar cuerpo completo.,Codex-assisted visual review; team confirmation pending
dragon_0089.png,1088,reject_for_final_gallery,Textura sin figura de dragón reconocible en revisión de hojas de contacto; no permite evaluar cuerpo completo.,Codex-assisted visual review; team confirmation pending
dragon_0090.png,1089,reject_for_final_gallery,Textura sin figura de dragón reconocible en revisión de hojas de contacto; no permite evaluar cuerpo completo.,Codex-assisted visual review; team confirmation pending
dragon_0091.png,1090,reject_for_final_gallery,Textura sin figura de dragón reconocible en revisión de hojas de contacto; no permite evaluar cuerpo completo.,Codex-assisted visual review; team confirmation pending
dragon_0092.png,1091,reject_for_final_gallery,Textura sin figura de dragón reconocible en revisión de hojas de contacto; no permite evaluar cuerpo completo.,Codex-assisted visual review; team confirmation pending
dragon_0093.png,1092,reject_for_final_gallery,Textura sin figura de dragón reconocible en revisión de hojas de contacto; no permite evaluar cuerpo completo.,Codex-assisted visual review; team confirmation pending
dragon_0094.png,1093,reject_for_final_gallery,Textura sin figura de dragón reconocible en revisión de hojas de contacto; no permite evaluar cuerpo completo.,Codex-assisted visual review; team confirmation pending
dragon_0095.png,1094,reject_for_final_gallery,Textura sin figura de dragón reconocible en revisión de hojas de contacto; no permite evaluar cuerpo completo.,Codex-assisted visual review; team confirmation pending
dragon_0096.png,1095,reject_for_final_gallery,Textura sin figura de dragón reconocible en revisión de hojas de contacto; no permite evaluar cuerpo completo.,Codex-assisted visual review; team confirmation pending
dragon_0097.png,1096,reject_for_final_gallery,Textura sin figura de dragón reconocible en revisión de hojas de contacto; no permite evaluar cuerpo completo.,Codex-assisted visual review; team confirmation pending
dragon_0098.png,1097,reject_for_final_gallery,Textura sin figura de dragón reconocible en revisión de hojas de contacto; no permite evaluar cuerpo completo.,Codex-assisted visual review; team confirmation pending
dragon_0099.png,1098,reject_for_final_gallery,Textura sin figura de dragón reconocible en revisión de hojas de contacto; no permite evaluar cuerpo completo.,Codex-assisted visual review; team confirmation pending
dragon_0100.png,1099,reject_for_final_gallery,Textura sin figura de dragón reconocible en revisión de hojas de contacto; no permite evaluar cuerpo completo.,Codex-assisted visual review; team confirmation pending
dragon_0101.png,1100,reject_for_final_gallery,Textura sin figura de dragón reconocible en revisión de hojas de contacto; no permite evaluar cuerpo completo.,Codex-assisted visual review; team confirmation pending
dragon_0102.png,1101,reject_for_final_gallery,Textura sin figura de dragón reconocible en revisión de hojas de contacto; no permite evaluar cuerpo completo.,Codex-assisted visual review; team confirmation pending
dragon_0103.png,1102,reject_for_final_gallery,Textura sin figura de dragón reconocible en revisión de hojas de contacto; no permite evaluar cuerpo completo.,Codex-assisted visual review; team confirmation pending
dragon_0104.png,1103,reject_for_final_gallery,Textura sin figura de dragón reconocible en revisión de hojas de contacto; no permite evaluar cuerpo completo.,Codex-assisted visual review; team confirmation pending
dragon_0105.png,1104,reject_for_final_gallery,Textura sin figura de dragón reconocible en revisión de hojas de contacto; no permite evaluar cuerpo completo.,Codex-assisted visual review; team confirmation pending
dragon_0106.png,1105,reject_for_final_gallery,Textura sin figura de dragón reconocible en revisión de hojas de contacto; no permite evaluar cuerpo completo.,Codex-assisted visual review; team confirmation pending
dragon_0107.png,1106,reject_for_final_gallery,Textura sin figura de dragón reconocible en revisión de hojas de contacto; no permite evaluar cuerpo completo.,Codex-assisted visual review; team confirmation pending
dragon_0108.png,1107,reject_for_final_gallery,Textura sin figura de dragón reconocible en revisión de hojas de contacto; no permite evaluar cuerpo completo.,Codex-assisted visual review; team confirmation pending
dragon_0109.png,1108,reject_for_final_gallery,Textura sin figura de dragón reconocible en revisión de hojas de contacto; no permite evaluar cuerpo completo.,Codex-assisted visual review; team confirmation pending
dragon_0110.png,1109,reject_for_final_gallery,Textura sin figura de dragón reconocible en revisión de hojas de contacto; no permite evaluar cuerpo completo.,Codex-assisted visual review; team confirmation pending
dragon_0111.png,1110,reject_for_final_gallery,Textura sin figura de dragón reconocible en revisión de hojas de contacto; no permite evaluar cuerpo completo.,Codex-assisted visual review; team confirmation pending
dragon_0112.png,1111,reject_for_final_gallery,Textura sin figura de dragón reconocible en revisión de hojas de contacto; no permite evaluar cuerpo completo.,Codex-assisted visual review; team confirmation pending
dragon_0113.png,1112,reject_for_final_gallery,Textura sin figura de dragón reconocible en revisión de hojas de contacto; no permite evaluar cuerpo completo.,Codex-assisted visual review; team confirmation pending
dragon_0114.png,1113,reject_for_final_gallery,Textura sin figura de dragón reconocible en revisión de hojas de contacto; no permite evaluar cuerpo completo.,Codex-assisted visual review; team confirmation pending
dragon_0115.png,1114,reject_for_final_gallery,Textura sin figura de dragón reconocible en revisión de hojas de contacto; no permite evaluar cuerpo completo.,Codex-assisted visual review; team confirmation pending
dragon_0116.png,1115,reject_for_final_gallery,Textura sin figura de dragón reconocible en revisión de hojas de contacto; no permite evaluar cuerpo completo.,Codex-assisted visual review; team confirmation pending
dragon_0117.png,1116,reject_for_final_gallery,Textura sin figura de dragón reconocible en revisión de hojas de contacto; no permite evaluar cuerpo completo.,Codex-assisted visual review; team confirmation pending
dragon_0118.png,1117,reject_for_final_gallery,Textura sin figura de dragón reconocible en revisión de hojas de contacto; no permite evaluar cuerpo completo.,Codex-assisted visual review; team confirmation pending
dragon_0119.png,1118,reject_for_final_gallery,Textura sin figura de dragón reconocible en revisión de hojas de contacto; no permite evaluar cuerpo completo.,Codex-assisted visual review; team confirmation pending
dragon_0120.png,1119,reject_for_final_gallery,Textura sin figura de dragón reconocible en revisión de hojas de contacto; no permite evaluar cuerpo completo.,Codex-assisted visual review; team confirmation pending
dragon_0121.png,1120,reject_for_final_gallery,Textura sin figura de dragón reconocible en revisión de hojas de contacto; no permite evaluar cuerpo completo.,Codex-assisted visual review; team confirmation pending
dragon_0122.png,1121,reject_for_final_gallery,Textura sin figura de dragón reconocible en revisión de hojas de contacto; no permite evaluar cuerpo completo.,Codex-assisted visual review; team confirmation pending
dragon_0123.png,1122,reject_for_final_gallery,Textura sin figura de dragón reconocible en revisión de hojas de contacto; no permite evaluar cuerpo completo.,Codex-assisted visual review; team confirmation pending
dragon_0124.png,1123,reject_for_final_gallery,Textura sin figura de dragón reconocible en revisión de hojas de contacto; no permite evaluar cuerpo completo.,Codex-assisted visual review; team confirmation pending
dragon_0125.png,1124,reject_for_final_gallery,Textura sin figura de dragón reconocible en revisión de hojas de contacto; no permite evaluar cuerpo completo.,Codex-assisted visual review; team confirmation pending
dragon_0126.png,1125,reject_for_final_gallery,Textura sin figura de dragón reconocible en revisión de hojas de contacto; no permite evaluar cuerpo completo.,Codex-assisted visual review; team confirmation pending
dragon_0127.png,1126,reject_for_final_gallery,Textura sin figura de dragón reconocible en revisión de hojas de contacto; no permite evaluar cuerpo completo.,Codex-assisted visual review; team confirmation pending
dragon_0128.png,1127,reject_for_final_gallery,Textura sin figura de dragón reconocible en revisión de hojas de contacto; no permite evaluar cuerpo completo.,Codex-assisted visual review; team confirmation pending
dragon_0129.png,1128,reject_for_final_gallery,Textura sin figura de dragón reconocible en revisión de hojas de contacto; no permite evaluar cuerpo completo.,Codex-assisted visual review; team confirmation pending
dragon_0130.png,1129,reject_for_final_gallery,Textura sin figura de dragón reconocible en revisión de hojas de contacto; no permite evaluar cuerpo completo.,Codex-assisted visual review; team confirmation pending
dragon_0131.png,1130,reject_for_final_gallery,Textura sin figura de dragón reconocible en revisión de hojas de contacto; no permite evaluar cuerpo completo.,Codex-assisted visual review; team confirmation pending
dragon_0132.png,1131,reject_for_final_gallery,Textura sin figura de dragón reconocible en revisión de hojas de contacto; no permite evaluar cuerpo completo.,Codex-assisted visual review; team confirmation pending
dragon_0133.png,1132,reject_for_final_gallery,Textura sin figura de dragón reconocible en revisión de hojas de contacto; no permite evaluar cuerpo completo.,Codex-assisted visual review; team confirmation pending
dragon_0134.png,1133,reject_for_final_gallery,Textura sin figura de dragón reconocible en revisión de hojas de contacto; no permite evaluar cuerpo completo.,Codex-assisted visual review; team confirmation pending
dragon_0135.png,1134,reject_for_final_gallery,Textura sin figura de dragón reconocible en revisión de hojas de contacto; no permite evaluar cuerpo completo.,Codex-assisted visual review; team confirmation pending
dragon_0136.png,1135,reject_for_final_gallery,Textura sin figura de dragón reconocible en revisión de hojas de contacto; no permite evaluar cuerpo completo.,Codex-assisted visual review; team confirmation pending
dragon_0137.png,1136,reject_for_final_gallery,Textura sin figura de dragón reconocible en revisión de hojas de contacto; no permite evaluar cuerpo completo.,Codex-assisted visual review; team confirmation pending
dragon_0138.png,1137,reject_for_final_gallery,Textura sin figura de dragón reconocible en revisión de hojas de contacto; no permite evaluar cuerpo completo.,Codex-assisted visual review; team confirmation pending
dragon_0139.png,1138,reject_for_final_gallery,Textura sin figura de dragón reconocible en revisión de hojas de contacto; no permite evaluar cuerpo completo.,Codex-assisted visual review; team confirmation pending
dragon_0140.png,1139,reject_for_final_gallery,Textura sin figura de dragón reconocible en revisión de hojas de contacto; no permite evaluar cuerpo completo.,Codex-assisted visual review; team confirmation pending
dragon_0141.png,1140,reject_for_final_gallery,Textura sin figura de dragón reconocible en revisión de hojas de contacto; no permite evaluar cuerpo completo.,Codex-assisted visual review; team confirmation pending
dragon_0142.png,1141,reject_for_final_gallery,Textura sin figura de dragón reconocible en revisión de hojas de contacto; no permite evaluar cuerpo completo.,Codex-assisted visual review; team confirmation pending
dragon_0143.png,1142,reject_for_final_gallery,Textura sin figura de dragón reconocible en revisión de hojas de contacto; no permite evaluar cuerpo completo.,Codex-assisted visual review; team confirmation pending
dragon_0144.png,1143,reject_for_final_gallery,Textura sin figura de dragón reconocible en revisión de hojas de contacto; no permite evaluar cuerpo completo.,Codex-assisted visual review; team confirmation pending
dragon_0145.png,1144,reject_for_final_gallery,Textura sin figura de dragón reconocible en revisión de hojas de contacto; no permite evaluar cuerpo completo.,Codex-assisted visual review; team confirmation pending
dragon_0146.png,1145,reject_for_final_gallery,Textura sin figura de dragón reconocible en revisión de hojas de contacto; no permite evaluar cuerpo completo.,Codex-assisted visual review; team confirmation pending
dragon_0147.png,1146,reject_for_final_gallery,Textura sin figura de dragón reconocible en revisión de hojas de contacto; no permite evaluar cuerpo completo.,Codex-assisted visual review; team confirmation pending
dragon_0148.png,1147,reject_for_final_gallery,Textura sin figura de dragón reconocible en revisión de hojas de contacto; no permite evaluar cuerpo completo.,Codex-assisted visual review; team confirmation pending
dragon_0149.png,1148,reject_for_final_gallery,Textura sin figura de dragón reconocible en revisión de hojas de contacto; no permite evaluar cuerpo completo.,Codex-assisted visual review; team confirmation pending
dragon_0150.png,1149,reject_for_final_gallery,Textura sin figura de dragón reconocible en revisión de hojas de contacto; no permite evaluar cuerpo completo.,Codex-assisted visual review; team confirmation pending
dragon_0151.png,1150,reject_for_final_gallery,Textura sin figura de dragón reconocible en revisión de hojas de contacto; no permite evaluar cuerpo completo.,Codex-assisted visual review; team confirmation pending
dragon_0152.png,1151,reject_for_final_gallery,Textura sin figura de dragón reconocible en revisión de hojas de contacto; no permite evaluar cuerpo completo.,Codex-assisted visual review; team confirmation pending
dragon_0153.png,1152,reject_for_final_gallery,Textura sin figura de dragón reconocible en revisión de hojas de contacto; no permite evaluar cuerpo completo.,Codex-assisted visual review; team confirmation pending
dragon_0154.png,1153,reject_for_final_gallery,Textura sin figura de dragón reconocible en revisión de hojas de contacto; no permite evaluar cuerpo completo.,Codex-assisted visual review; team confirmation pending
dragon_0155.png,1154,reject_for_final_gallery,Textura sin figura de dragón reconocible en revisión de hojas de contacto; no permite evaluar cuerpo completo.,Codex-assisted visual review; team confirmation pending
dragon_0156.png,1155,reject_for_final_gallery,Textura sin figura de dragón reconocible en revisión de hojas de contacto; no permite evaluar cuerpo completo.,Codex-assisted visual review; team confirmation pending
dragon_0157.png,1156,reject_for_final_gallery,Textura sin figura de dragón reconocible en revisión de hojas de contacto; no permite evaluar cuerpo completo.,Codex-assisted visual review; team confirmation pending
dragon_0158.png,1157,reject_for_final_gallery,Textura sin figura de dragón reconocible en revisión de hojas de contacto; no permite evaluar cuerpo completo.,Codex-assisted visual review; team confirmation pending
dragon_0159.png,1158,reject_for_final_gallery,Textura sin figura de dragón reconocible en revisión de hojas de contacto; no permite evaluar cuerpo completo.,Codex-assisted visual review; team confirmation pending
dragon_0160.png,1159,reject_for_final_gallery,Textura sin figura de dragón reconocible en revisión de hojas de contacto; no permite evaluar cuerpo completo.,Codex-assisted visual review; team confirmation pending
dragon_0161.png,1160,reject_for_final_gallery,Textura sin figura de dragón reconocible en revisión de hojas de contacto; no permite evaluar cuerpo completo.,Codex-assisted visual review; team confirmation pending
dragon_0162.png,1161,reject_for_final_gallery,Textura sin figura de dragón reconocible en revisión de hojas de contacto; no permite evaluar cuerpo completo.,Codex-assisted visual review; team confirmation pending
dragon_0163.png,1162,reject_for_final_gallery,Textura sin figura de dragón reconocible en revisión de hojas de contacto; no permite evaluar cuerpo completo.,Codex-assisted visual review; team confirmation pending
dragon_0164.png,1163,reject_for_final_gallery,Textura sin figura de dragón reconocible en revisión de hojas de contacto; no permite evaluar cuerpo completo.,Codex-assisted visual review; team confirmation pending
dragon_0165.png,1164,reject_for_final_gallery,Textura sin figura de dragón reconocible en revisión de hojas de contacto; no permite evaluar cuerpo completo.,Codex-assisted visual review; team confirmation pending
dragon_0166.png,1165,reject_for_final_gallery,Textura sin figura de dragón reconocible en revisión de hojas de contacto; no permite evaluar cuerpo completo.,Codex-assisted visual review; team confirmation pending
dragon_0167.png,1166,reject_for_final_gallery,Textura sin figura de dragón reconocible en revisión de hojas de contacto; no permite evaluar cuerpo completo.,Codex-assisted visual review; team confirmation pending
dragon_0168.png,1167,reject_for_final_gallery,Textura sin figura de dragón reconocible en revisión de hojas de contacto; no permite evaluar cuerpo completo.,Codex-assisted visual review; team confirmation pending
dragon_0169.png,1168,reject_for_final_gallery,Textura sin figura de dragón reconocible en revisión de hojas de contacto; no permite evaluar cuerpo completo.,Codex-assisted visual review; team confirmation pending
dragon_0170.png,1169,reject_for_final_gallery,Textura sin figura de dragón reconocible en revisión de hojas de contacto; no permite evaluar cuerpo completo.,Codex-assisted visual review; team confirmation pending
dragon_0171.png,1170,reject_for_final_gallery,Textura sin figura de dragón reconocible en revisión de hojas de contacto; no permite evaluar cuerpo completo.,Codex-assisted visual review; team confirmation pending
dragon_0172.png,1171,reject_for_final_gallery,Textura sin figura de dragón reconocible en revisión de hojas de contacto; no permite evaluar cuerpo completo.,Codex-assisted visual review; team confirmation pending
dragon_0173.png,1172,reject_for_final_gallery,Textura sin figura de dragón reconocible en revisión de hojas de contacto; no permite evaluar cuerpo completo.,Codex-assisted visual review; team confirmation pending
dragon_0174.png,1173,reject_for_final_gallery,Textura sin figura de dragón reconocible en revisión de hojas de contacto; no permite evaluar cuerpo completo.,Codex-assisted visual review; team confirmation pending
dragon_0175.png,1174,reject_for_final_gallery,Textura sin figura de dragón reconocible en revisión de hojas de contacto; no permite evaluar cuerpo completo.,Codex-assisted visual review; team confirmation pending
dragon_0176.png,1175,reject_for_final_gallery,Textura sin figura de dragón reconocible en revisión de hojas de contacto; no permite evaluar cuerpo completo.,Codex-assisted visual review; team confirmation pending
dragon_0177.png,1176,reject_for_final_gallery,Textura sin figura de dragón reconocible en revisión de hojas de contacto; no permite evaluar cuerpo completo.,Codex-assisted visual review; team confirmation pending
dragon_0178.png,1177,reject_for_final_gallery,Textura sin figura de dragón reconocible en revisión de hojas de contacto; no permite evaluar cuerpo completo.,Codex-assisted visual review; team confirmation pending
dragon_0179.png,1178,reject_for_final_gallery,Textura sin figura de dragón reconocible en revisión de hojas de contacto; no permite evaluar cuerpo completo.,Codex-assisted visual review; team confirmation pending
dragon_0180.png,1179,reject_for_final_gallery,Textura sin figura de dragón reconocible en revisión de hojas de contacto; no permite evaluar cuerpo completo.,Codex-assisted visual review; team confirmation pending
dragon_0181.png,1180,reject_for_final_gallery,Textura sin figura de dragón reconocible en revisión de hojas de contacto; no permite evaluar cuerpo completo.,Codex-assisted visual review; team confirmation pending
dragon_0182.png,1181,reject_for_final_gallery,Textura sin figura de dragón reconocible en revisión de hojas de contacto; no permite evaluar cuerpo completo.,Codex-assisted visual review; team confirmation pending
dragon_0183.png,1182,reject_for_final_gallery,Textura sin figura de dragón reconocible en revisión de hojas de contacto; no permite evaluar cuerpo completo.,Codex-assisted visual review; team confirmation pending
dragon_0184.png,1183,reject_for_final_gallery,Textura sin figura de dragón reconocible en revisión de hojas de contacto; no permite evaluar cuerpo completo.,Codex-assisted visual review; team confirmation pending
dragon_0185.png,1184,reject_for_final_gallery,Textura sin figura de dragón reconocible en revisión de hojas de contacto; no permite evaluar cuerpo completo.,Codex-assisted visual review; team confirmation pending
dragon_0186.png,1185,reject_for_final_gallery,Textura sin figura de dragón reconocible en revisión de hojas de contacto; no permite evaluar cuerpo completo.,Codex-assisted visual review; team confirmation pending
dragon_0187.png,1186,reject_for_final_gallery,Textura sin figura de dragón reconocible en revisión de hojas de contacto; no permite evaluar cuerpo completo.,Codex-assisted visual review; team confirmation pending
dragon_0188.png,1187,reject_for_final_gallery,Textura sin figura de dragón reconocible en revisión de hojas de contacto; no permite evaluar cuerpo completo.,Codex-assisted visual review; team confirmation pending
dragon_0189.png,1188,reject_for_final_gallery,Textura sin figura de dragón reconocible en revisión de hojas de contacto; no permite evaluar cuerpo completo.,Codex-assisted visual review; team confirmation pending
dragon_0190.png,1189,reject_for_final_gallery,Textura sin figura de dragón reconocible en revisión de hojas de contacto; no permite evaluar cuerpo completo.,Codex-assisted visual review; team confirmation pending
dragon_0191.png,1190,reject_for_final_gallery,Textura sin figura de dragón reconocible en revisión de hojas de contacto; no permite evaluar cuerpo completo.,Codex-assisted visual review; team confirmation pending
dragon_0192.png,1191,reject_for_final_gallery,Textura sin figura de dragón reconocible en revisión de hojas de contacto; no permite evaluar cuerpo completo.,Codex-assisted visual review; team confirmation pending
dragon_0193.png,1192,reject_for_final_gallery,Textura sin figura de dragón reconocible en revisión de hojas de contacto; no permite evaluar cuerpo completo.,Codex-assisted visual review; team confirmation pending
dragon_0194.png,1193,reject_for_final_gallery,Textura sin figura de dragón reconocible en revisión de hojas de contacto; no permite evaluar cuerpo completo.,Codex-assisted visual review; team confirmation pending
dragon_0195.png,1194,reject_for_final_gallery,Textura sin figura de dragón reconocible en revisión de hojas de contacto; no permite evaluar cuerpo completo.,Codex-assisted visual review; team confirmation pending
dragon_0196.png,1195,reject_for_final_gallery,Textura sin figura de dragón reconocible en revisión de hojas de contacto; no permite evaluar cuerpo completo.,Codex-assisted visual review; team confirmation pending
dragon_0197.png,1196,reject_for_final_gallery,Textura sin figura de dragón reconocible en revisión de hojas de contacto; no permite evaluar cuerpo completo.,Codex-assisted visual review; team confirmation pending
dragon_0198.png,1197,reject_for_final_gallery,Textura sin figura de dragón reconocible en revisión de hojas de contacto; no permite evaluar cuerpo completo.,Codex-assisted visual review; team confirmation pending
dragon_0199.png,1198,reject_for_final_gallery,Textura sin figura de dragón reconocible en revisión de hojas de contacto; no permite evaluar cuerpo completo.,Codex-assisted visual review; team confirmation pending
dragon_0200.png,1199,reject_for_final_gallery,Textura sin figura de dragón reconocible en revisión de hojas de contacto; no permite evaluar cuerpo completo.,Codex-assisted visual review; team confirmation pending
